{
  "id": "auto-weapon-modifier",
  "title": "Auto Weapon Modifier",
  "description": "Automatically degrades a weapon if a natural 1 or 20 is rolled on an attack.",
  "version": "1.1.0",
  "download": "https://raw.githubusercontent.com/DaKea91/auto-weapon-modifier/main/DaKea91-AWM.zip",
  "manifest": "https://raw.githubusercontent.com/DaKea91/auto-weapon-modifier/main/module.json",
  "compatibility": {
    "minimum": 11,
    "verified": 12
  },
  "authors": [
    {
      "name": "DaKea91",
      "url": "https://github.com/DaKea91"
    }
  ],
  "esmodules": ["auto-weapon-modifier.js"],
  "socket": false,
  "url": "https://github.com/DaKea91/auto-weapon-modifier"
}